{"cameraMode":{"drawMode":0,"name":"Shaded","section":"Shading Mode"},"sceneLighting":false,"audioPlay":false,"sceneViewState":{"m_AlwaysRefresh":false,"showFog":true,"showSkybox":false,"showFlares":true,"showImageEffects":true,"showParticleSystems":true,"showVisualEffectGraphs":true,"m_FxEnabled":true},"in2DMode":false,"pivot":{"x":11.295809745788575,"y":1.0182011127471924,"z":2.493659734725952},"rotation":{"x":0.010123652406036854,"y":-0.9464470148086548,"z":0.029821868985891343,"w":0.32134029269218447},"size":3.5845565795898439,"orthographic":false}