{"cameraMode":{"drawMode":0,"name":"Shaded","section":"Shading Mode"},"sceneLighting":true,"audioPlay":false,"sceneViewState":{"m_AlwaysRefresh":false,"showFog":true,"showSkybox":true,"showFlares":true,"showImageEffects":true,"showParticleSystems":true,"showVisualEffectGraphs":true,"m_FxEnabled":true},"in2DMode":false,"pivot":{"x":5.629179954528809,"y":-15.86383056640625,"z":-17.561161041259767},"rotation":{"x":-0.026579994708299638,"y":-0.9592725038528442,"z":0.26424404978752139,"w":-0.09641297161579132},"size":19.041519165039064,"orthographic":false}